wavelength,fluxdensity,uncertainty,chunk,errrms,errsys,errcal
7.543165,0.234722,0.014047,1,0.014047,0.000000,0.001616
7.585672,0.253046,0.014934,1,0.012134,0.002800,0.002426
7.605257,0.247179,0.017059,1,0.014259,0.002800,0.002285
7.647763,0.235848,0.011539,1,0.011539,0.000000,0.002571
7.667347,0.247829,0.013500,1,0.013500,0.000000,0.002733
7.709854,0.250036,0.012141,1,0.011293,0.000848,0.003471
7.729439,0.239779,0.013141,1,0.012294,0.000848,0.002593
7.771946,0.234484,0.011516,1,0.010669,0.000848,0.002892
7.791530,0.233481,0.012468,1,0.011620,0.000848,0.002151
7.834037,0.231727,0.010501,1,0.010501,0.000000,0.002343
7.853622,0.235806,0.011517,1,0.011517,0.000000,0.001921
7.896129,0.230839,0.010738,1,0.010738,0.000000,0.002288
7.915713,0.225872,0.011183,1,0.011183,0.000000,0.002010
7.958220,0.220514,0.015508,1,0.010572,0.004936,0.002433
7.977805,0.220452,0.015643,1,0.010707,0.004936,0.002296
8.020311,0.223641,0.021998,1,0.010420,0.011579,0.002514
8.039896,0.223035,0.021922,1,0.010344,0.011579,0.002283
8.082403,0.215929,0.010343,1,0.010343,0.000000,0.002237
8.101988,0.228284,0.010031,1,0.010031,0.000000,0.002015
8.144495,0.213243,0.021785,1,0.010207,0.011579,0.001915
8.164080,0.213739,0.021432,1,0.009853,0.011579,0.001954
8.206587,0.207782,0.010339,1,0.010339,0.000000,0.001951
8.226171,0.206038,0.009487,1,0.009487,0.000000,0.002076
8.268679,0.201510,0.010636,1,0.010221,0.000415,0.002141
8.288263,0.204994,0.009782,1,0.009367,0.000415,0.002281
8.330770,0.203337,0.011039,1,0.010624,0.000415,0.002391
8.350355,0.205295,0.009522,1,0.009107,0.000415,0.002251
8.392862,0.209337,0.009799,1,0.009799,0.000000,0.002432
8.412447,0.200516,0.008953,1,0.008953,0.000000,0.001942
8.454954,0.197880,0.011019,1,0.009548,0.001471,0.002156
8.474539,0.198182,0.010348,1,0.008877,0.001471,0.001796
8.517046,0.199353,0.011965,1,0.009466,0.002499,0.002096
8.536631,0.198949,0.011569,1,0.009070,0.002499,0.001814
8.579139,0.193330,0.011786,1,0.009287,0.002499,0.002151
8.598722,0.194976,0.011559,1,0.009060,0.002499,0.001878
8.641231,0.190935,0.011583,1,0.009084,0.002499,0.002297
8.660815,0.192713,0.011383,1,0.008883,0.002499,0.001991
8.703322,0.195324,0.008863,1,0.008863,0.000000,0.002445
8.722907,0.189655,0.008732,1,0.008732,0.000000,0.001975
8.765415,0.191213,0.008523,1,0.008523,0.000000,0.002320
8.784999,0.190405,0.008576,1,0.008576,0.000000,0.001802
8.827507,0.185808,0.009815,1,0.008197,0.001618,0.002150
8.847092,0.182428,0.010135,1,0.008517,0.001618,0.001598
8.889599,0.179241,0.009700,1,0.008081,0.001618,0.002056
8.909184,0.179419,0.010179,1,0.008561,0.001618,0.001487
8.951692,0.179805,0.009759,1,0.008140,0.001618,0.001994
8.971276,0.180087,0.010363,1,0.008745,0.001618,0.001529
9.013784,0.179270,0.009212,1,0.008129,0.001082,0.002054
9.033368,0.175378,0.009788,1,0.008705,0.001082,0.001523
9.075876,0.174558,0.008261,1,0.007993,0.000268,0.002191
9.095461,0.178607,0.008951,1,0.008683,0.000268,0.001739
9.137969,0.174370,0.008229,1,0.007961,0.000268,0.002289
9.157554,0.178785,0.008893,1,0.008625,0.000268,0.001785
9.200062,0.169776,0.007841,1,0.007841,0.000000,0.002161
9.219646,0.169901,0.008384,1,0.008384,0.000000,0.001543
9.262154,0.169322,0.007909,1,0.007909,0.000000,0.002053
9.281738,0.166425,0.008314,1,0.008314,0.000000,0.001473
9.324246,0.162189,0.009299,1,0.007766,0.001533,0.001953
9.343831,0.166144,0.009909,1,0.008376,0.001533,0.001525
9.386339,0.158755,0.007845,1,0.007845,0.000000,0.001981
9.405924,0.161532,0.008262,1,0.008262,0.000000,0.001557
9.448432,0.165863,0.014281,1,0.007952,0.006329,0.002125
9.468017,0.163825,0.014573,1,0.008244,0.006329,0.001745
9.510525,0.154957,0.007782,1,0.007782,0.000000,0.002119
9.530109,0.165493,0.008074,1,0.008074,0.000000,0.001737
9.572618,0.156413,0.007735,1,0.007735,0.000000,0.002118
9.592202,0.152573,0.007670,1,0.007670,0.000000,0.001597
9.634710,0.151864,0.012497,1,0.007524,0.004973,0.001909
9.654295,0.154096,0.012533,1,0.007561,0.004973,0.001612
9.696803,0.149484,0.007507,1,0.007507,0.000000,0.001820
9.716388,0.153284,0.007449,1,0.007449,0.000000,0.001525
9.758897,0.149959,0.012331,1,0.007359,0.004973,0.001834
9.778481,0.150660,0.012406,1,0.007433,0.004973,0.001488
9.820990,0.149696,0.007504,1,0.007504,0.000000,0.001855
9.840573,0.150583,0.007429,1,0.007429,0.000000,0.001478
9.883082,0.147996,0.007502,1,0.007502,0.000000,0.001829
9.902667,0.150219,0.007490,1,0.007490,0.000000,0.001508
9.945176,0.139670,0.008847,1,0.007424,0.001423,0.001755
9.964760,0.145457,0.008877,1,0.007454,0.001423,0.001461
10.007269,0.146549,0.007492,1,0.007492,0.000000,0.001938
10.026854,0.146767,0.007454,1,0.007454,0.000000,0.001466
10.069362,0.144972,0.007413,1,0.007413,0.000000,0.001927
10.088946,0.140555,0.007256,1,0.007256,0.000000,0.001394
10.131455,0.138131,0.007361,1,0.007178,0.000182,0.001869
10.151040,0.141852,0.007471,1,0.007289,0.000182,0.001354
10.193549,0.140981,0.008064,1,0.007279,0.000785,0.001801
10.213133,0.139798,0.008058,1,0.007273,0.000785,0.001290
10.255642,0.134557,0.007183,1,0.007183,0.000000,0.001552
10.275227,0.131392,0.007252,1,0.007252,0.000000,0.001180
10.337319,0.134851,0.007507,1,0.007507,0.000000,0.001237
10.379829,0.132296,0.009490,1,0.007416,0.002074,0.001503
10.399413,0.133393,0.009686,1,0.007612,0.002074,0.001290
10.441922,0.130977,0.007416,1,0.007416,0.000000,0.001522
10.504016,0.132512,0.007530,1,0.007530,0.000000,0.001557
10.523601,0.133694,0.007786,1,0.007786,0.000000,0.001249
10.566110,0.129686,0.007531,1,0.007531,0.000000,0.001562
10.585694,0.134336,0.007729,1,0.007729,0.000000,0.001339
10.628203,0.125506,0.007294,1,0.007294,0.000000,0.001527
10.647788,0.132229,0.007665,1,0.007665,0.000000,0.001307
10.690297,0.124512,0.007368,1,0.007368,0.000000,0.001471
10.709882,0.130129,0.007679,1,0.007679,0.000000,0.001190
10.752391,0.120614,0.010318,1,0.007250,0.003068,0.001376
10.771976,0.121574,0.010629,1,0.007561,0.003068,0.001072
10.814485,0.123174,0.007378,1,0.007378,0.000000,0.001413
10.876578,0.121811,0.010252,1,0.007515,0.002737,0.001337
10.896163,0.123136,0.010575,1,0.007837,0.002737,0.001152
10.958257,0.121583,0.013154,1,0.013154,0.000000,0.001156
11.000767,0.118897,0.007567,1,0.007567,0.000000,0.001441
11.062860,0.116521,0.008166,1,0.007638,0.000528,0.001484
11.082445,0.113739,0.008190,1,0.007663,0.000528,0.001093
11.124955,0.118791,0.007663,1,0.007663,0.000000,0.001458
11.144539,0.118989,0.007842,1,0.007842,0.000000,0.001132
11.187049,0.114948,0.007613,1,0.007613,0.000000,0.001388
11.206633,0.113740,0.007685,1,0.007685,0.000000,0.001060
11.249143,0.115272,0.007519,1,0.007519,0.000000,0.001367
11.268727,0.114736,0.007746,1,0.007746,0.000000,0.001025
11.311237,0.112450,0.008879,1,0.007490,0.001388,0.001292
11.330821,0.114693,0.009101,1,0.007713,0.001388,0.001041
11.373332,0.111359,0.010080,1,0.007491,0.002589,0.001262
11.392916,0.110847,0.010220,1,0.007631,0.002589,0.001029
11.435426,0.113896,0.010827,1,0.007530,0.003297,0.001265
11.455009,0.113882,0.011149,1,0.007852,0.003297,0.001014
11.497520,0.112232,0.010260,1,0.007671,0.002589,0.001255
11.517104,0.111006,0.010498,1,0.007909,0.002589,0.000983
11.559615,0.108660,0.010861,1,0.007642,0.003219,0.001222
11.579199,0.108687,0.011139,1,0.007920,0.003219,0.000992
11.621709,0.106888,0.007824,1,0.007824,0.000000,0.001227
11.641294,0.103166,0.007783,1,0.007783,0.000000,0.000928
11.683804,0.106692,0.007875,1,0.007875,0.000000,0.001263
11.703387,0.109443,0.008119,1,0.008119,0.000000,0.001021
11.745898,0.105209,0.007885,1,0.007885,0.000000,0.001258
11.765482,0.104104,0.008061,1,0.008061,0.000000,0.000996
11.807993,0.109962,0.007882,1,0.007882,0.000000,0.001296
11.827577,0.101492,0.007803,1,0.007803,0.000000,0.000952
11.870088,0.098755,0.008997,1,0.007591,0.001406,0.001091
11.889671,0.098810,0.009084,1,0.007678,0.001406,0.000881
11.932182,0.097071,0.009125,1,0.007719,0.001406,0.001040
11.951766,0.099502,0.009231,1,0.007824,0.001406,0.000855
11.994277,0.101676,0.009828,1,0.007836,0.001993,0.001079
12.013861,0.100805,0.009936,1,0.007943,0.001993,0.000887
12.056372,0.099777,0.007984,1,0.007984,0.000000,0.001113
12.075955,0.097024,0.007903,1,0.007903,0.000000,0.000814
12.118466,0.098310,0.008111,1,0.008111,0.000000,0.001059
12.138051,0.100668,0.008159,1,0.008159,0.000000,0.000884
12.180562,0.097321,0.008148,1,0.008148,0.000000,0.000983
12.200146,0.096341,0.008185,1,0.008185,0.000000,0.000857
12.242657,0.101486,0.008397,1,0.008397,0.000000,0.001059
12.262240,0.091809,0.008184,1,0.008184,0.000000,0.000803
12.304751,0.092057,0.009663,1,0.008224,0.001440,0.000996
12.324336,0.096485,0.009911,1,0.008472,0.001440,0.000870
12.366847,0.094812,0.008260,1,0.008260,0.000000,0.001037
12.386431,0.095603,0.008361,1,0.008361,0.000000,0.000838
12.428942,0.094572,0.011887,1,0.008254,0.003634,0.001011
12.448525,0.093670,0.012001,1,0.008368,0.003634,0.000849
12.491037,0.091711,0.011755,1,0.008121,0.003634,0.001023
12.510621,0.093860,0.011911,1,0.008278,0.003634,0.000867
12.553132,0.091815,0.008248,1,0.008248,0.000000,0.001029
12.572716,0.088154,0.008144,1,0.008144,0.000000,0.000798
12.615228,0.092791,0.012779,1,0.008152,0.004627,0.001016
12.634811,0.090514,0.012937,1,0.008310,0.004627,0.000839
12.696907,0.093091,0.008362,1,0.008362,0.000000,0.000813
12.739418,0.088006,0.012348,1,0.008102,0.004246,0.000935
12.759002,0.088093,0.012603,1,0.008358,0.004246,0.000763
12.801514,0.091383,0.008241,1,0.008241,0.000000,0.000950
12.821097,0.085654,0.008274,1,0.008274,0.000000,0.000719
12.863609,0.091511,0.011373,1,0.008287,0.003086,0.000927
12.883193,0.090216,0.011708,1,0.008622,0.003086,0.000756
12.925705,0.083728,0.011430,1,0.008344,0.003086,0.000842
12.945289,0.085256,0.011628,1,0.008543,0.003086,0.000710
12.987801,0.088574,0.011680,1,0.008594,0.003086,0.000879
13.007384,0.089296,0.011789,1,0.008703,0.003086,0.000724
13.049896,0.087921,0.008709,1,0.008709,0.000000,0.000879
13.069480,0.088275,0.008963,1,0.008963,0.000000,0.000689
13.111992,0.085516,0.008806,1,0.008806,0.000000,0.000869
13.131576,0.083642,0.008764,1,0.008764,0.000000,0.000695
13.174088,0.084277,0.009104,1,0.008860,0.000245,0.000866
13.193671,0.085307,0.009305,1,0.009060,0.000245,0.000740
13.236183,0.087422,0.009067,1,0.009067,0.000000,0.000934
13.255767,0.087205,0.009220,1,0.009220,0.000000,0.000763
13.298279,0.082855,0.009067,1,0.009067,0.000000,0.000889
13.317863,0.082726,0.009309,1,0.009309,0.000000,0.000697
13.360374,0.085907,0.010478,1,0.009188,0.001289,0.000888
13.379958,0.082581,0.010652,1,0.009362,0.001289,0.000650
13.422471,0.079357,0.010496,1,0.009206,0.001289,0.000822
13.442055,0.078315,0.010593,1,0.009304,0.001289,0.000627
13.484567,0.076698,0.009283,1,0.009283,0.000000,0.000764
13.504150,0.078517,0.009298,1,0.009298,0.000000,0.000652
13.546663,0.076323,0.009228,1,0.009228,0.000000,0.000753
13.566246,0.077204,0.009338,1,0.009338,0.000000,0.000654
13.608759,0.075535,0.009377,1,0.009377,0.000000,0.000798
13.628343,0.076115,0.009549,1,0.009549,0.000000,0.000626
13.690438,0.077731,0.009766,1,0.009766,0.000000,0.000607
13.732951,0.079312,0.009752,1,0.009752,0.000000,0.000799
13.752535,0.074176,0.009981,1,0.009981,0.000000,0.000587
13.795048,0.078030,0.009915,1,0.009915,0.000000,0.000753
13.814631,0.072057,0.010168,1,0.010168,0.000000,0.000582
13.876727,0.074009,0.010368,1,0.010368,0.000000,0.000634
13.919240,0.075477,0.010287,1,0.010287,0.000000,0.000762
13.981337,0.076835,0.010565,1,0.010565,0.000000,0.000760
14.000920,0.070259,0.010906,1,0.010906,0.000000,0.000528
5.236155,0.505904,0.021204,2,0.021204,0.000000,0.006492
5.249261,0.473912,0.020777,2,0.020777,0.000000,0.002435
5.267143,0.496712,0.035051,2,0.022289,0.012762,0.005693
5.280250,0.495668,0.033902,2,0.021140,0.012762,0.003226
5.311237,0.475028,0.019161,2,0.019161,0.000000,0.002934
5.329119,0.485174,0.019489,2,0.019489,0.000000,0.002610
5.342226,0.484016,0.018145,2,0.018145,0.000000,0.001944
5.360106,0.464152,0.024275,2,0.018788,0.005488,0.002080
5.373213,0.462116,0.022874,2,0.017386,0.005488,0.001795
5.391094,0.462082,0.018522,2,0.018522,0.000000,0.002132
5.404201,0.465826,0.017312,2,0.017312,0.000000,0.002374
5.422082,0.461988,0.017943,2,0.017943,0.000000,0.002449
5.453069,0.467341,0.017067,2,0.017067,0.000000,0.003053
5.466176,0.458859,0.015452,2,0.015452,0.000000,0.002517
5.484057,0.450134,0.018109,2,0.015938,0.002171,0.003050
5.497164,0.457605,0.016975,2,0.014804,0.002171,0.002373
5.515044,0.450567,0.015269,2,0.015269,0.000000,0.001687
5.528151,0.448281,0.014198,2,0.014198,0.000000,0.001936
5.546032,0.441116,0.016995,2,0.014825,0.002171,0.001598
5.559138,0.443602,0.016327,2,0.014156,0.002171,0.001695
5.577019,0.439765,0.014737,2,0.014737,0.000000,0.001648
5.608006,0.443181,0.014605,2,0.014605,0.000000,0.001937
5.621113,0.437460,0.014066,2,0.014066,0.000000,0.001711
5.638994,0.428253,0.014181,2,0.014181,0.000000,0.002087
5.652100,0.432548,0.013861,2,0.013861,0.000000,0.001904
5.669981,0.431776,0.018193,2,0.013845,0.004348,0.002159
5.683087,0.427061,0.017936,2,0.013589,0.004348,0.001667
5.700968,0.420627,0.017894,2,0.013546,0.004348,0.002002
5.714074,0.417984,0.018093,2,0.013746,0.004348,0.001426
5.731955,0.416823,0.018218,2,0.013870,0.004348,0.001891
5.745061,0.409906,0.018479,2,0.014132,0.004348,0.001433
5.762942,0.409216,0.014273,2,0.014273,0.000000,0.001728
5.776048,0.409394,0.015397,2,0.015397,0.000000,0.001506
5.793929,0.400744,0.019538,2,0.014768,0.004770,0.001667
5.807035,0.407613,0.020403,2,0.015633,0.004770,0.001505
5.824915,0.401415,0.019999,2,0.015229,0.004770,0.001951
5.838022,0.402123,0.020715,2,0.015945,0.004770,0.001389
5.855902,0.392940,0.015689,2,0.015689,0.000000,0.002075
5.869009,0.396809,0.016297,2,0.016297,0.000000,0.001304
5.886889,0.408338,0.016365,2,0.016365,0.000000,0.001989
5.899995,0.397703,0.016630,2,0.016630,0.000000,0.001253
5.917875,0.385024,0.017271,2,0.016513,0.000757,0.002118
5.930982,0.397720,0.017808,2,0.017051,0.000757,0.001334
5.948862,0.397974,0.017243,2,0.017243,0.000000,0.002536
5.961968,0.391243,0.017089,2,0.017089,0.000000,0.001450
5.979848,0.380647,0.017958,2,0.017201,0.000757,0.001944
5.992954,0.382571,0.017668,2,0.016911,0.000757,0.001535
6.010834,0.377139,0.017323,2,0.017323,0.000000,0.001772
6.023941,0.380814,0.016508,2,0.016508,0.000000,0.001587
6.054927,0.375427,0.015962,2,0.015962,0.000000,0.001628
6.072807,0.390579,0.017151,2,0.017151,0.000000,0.001604
6.085913,0.366003,0.015341,2,0.015341,0.000000,0.001535
6.103793,0.376670,0.016421,2,0.016421,0.000000,0.001592
6.116899,0.373747,0.015181,2,0.015181,0.000000,0.001593
6.134779,0.363773,0.019098,2,0.015887,0.003211,0.001582
6.147885,0.366831,0.018077,2,0.014866,0.003211,0.002535
6.165765,0.366640,0.015705,2,0.015705,0.000000,0.001509
6.178871,0.363528,0.014339,2,0.014339,0.000000,0.002990
6.196751,0.351528,0.019169,2,0.015010,0.004159,0.001401
6.209857,0.354836,0.018123,2,0.013964,0.004159,0.001773
6.227737,0.359729,0.014724,2,0.014724,0.000000,0.001441
6.240843,0.351340,0.013508,2,0.013508,0.000000,0.001458
6.258723,0.351723,0.014185,2,0.014185,0.000000,0.001279
6.271829,0.353454,0.013508,2,0.013508,0.000000,0.001280
6.289709,0.341059,0.017947,2,0.014154,0.003794,0.001187
6.302814,0.339458,0.017394,2,0.013600,0.003794,0.001189
6.320694,0.337273,0.017978,2,0.014184,0.003794,0.001186
6.333800,0.342242,0.017756,2,0.013963,0.003794,0.001197
6.351680,0.344015,0.014391,2,0.014391,0.000000,0.001339
6.364786,0.343123,0.014177,2,0.014177,0.000000,0.001412
6.382665,0.346575,0.016914,2,0.014410,0.002504,0.001821
6.395771,0.340660,0.016650,2,0.014146,0.002504,0.001776
6.413651,0.334835,0.014057,2,0.014057,0.000000,0.001999
6.426756,0.342299,0.014171,2,0.014171,0.000000,0.001789
6.444636,0.338896,0.013914,2,0.013914,0.000000,0.001769
6.457742,0.330732,0.014142,2,0.014142,0.000000,0.001427
6.475621,0.327137,0.014048,2,0.014048,0.000000,0.001331
6.488727,0.338958,0.014842,2,0.014842,0.000000,0.001027
6.506607,0.321310,0.014436,2,0.014436,0.000000,0.001176
6.519712,0.327992,0.015361,2,0.015361,0.000000,0.001082
6.537591,0.327541,0.015680,2,0.015680,0.000000,0.001239
6.550697,0.324928,0.016590,2,0.016590,0.000000,0.001152
6.568577,0.324601,0.016662,2,0.016662,0.000000,0.001608
6.599562,0.324409,0.024540,2,0.017117,0.007423,0.002267
6.612668,0.322017,0.024959,2,0.017536,0.007423,0.001668
6.630547,0.317603,0.024493,2,0.017070,0.007423,0.002507
6.643652,0.316026,0.024672,2,0.017249,0.007423,0.002030
6.661531,0.310163,0.016864,2,0.016864,0.000000,0.002534
6.692516,0.309019,0.016891,2,0.016891,0.000000,0.002064
6.705622,0.304086,0.016555,2,0.016555,0.000000,0.001250
6.723501,0.302488,0.016897,2,0.016897,0.000000,0.001246
6.736607,0.298240,0.016427,2,0.016427,0.000000,0.001030
6.754486,0.297464,0.022131,2,0.017325,0.004806,0.001019
6.767591,0.299037,0.021566,2,0.016760,0.004806,0.001104
6.785470,0.289457,0.022460,2,0.017654,0.004806,0.001308
6.798576,0.296019,0.021769,2,0.016962,0.004806,0.001266
6.816455,0.297274,0.022833,2,0.018027,0.004806,0.001418
6.829560,0.297729,0.021651,2,0.016845,0.004806,0.001304
6.847439,0.296664,0.019462,2,0.018024,0.001437,0.001487
6.860545,0.298592,0.018145,2,0.016707,0.001437,0.001210
6.878424,0.302334,0.017780,2,0.017780,0.000000,0.001581
6.891529,0.288749,0.016243,2,0.016243,0.000000,0.001092
6.909408,0.292178,0.017283,2,0.017283,0.000000,0.001482
6.922513,0.290383,0.016253,2,0.016253,0.000000,0.001195
6.940392,0.281362,0.023350,2,0.017002,0.006349,0.001350
6.953498,0.284424,0.022343,2,0.015994,0.006349,0.001136
6.971376,0.289387,0.021867,2,0.017089,0.004778,0.001335
6.984482,0.285465,0.020925,2,0.016147,0.004778,0.001193
7.002361,0.287795,0.021985,2,0.017207,0.004778,0.001482
7.015466,0.281580,0.021069,2,0.016290,0.004778,0.001289
7.033345,0.275490,0.016851,2,0.016851,0.000000,0.001661
7.046450,0.276871,0.016337,2,0.016337,0.000000,0.001452
7.064329,0.284004,0.016718,2,0.016718,0.000000,0.001874
7.077434,0.285740,0.016303,2,0.016303,0.000000,0.001684
7.095313,0.275018,0.016667,2,0.016236,0.000430,0.002052
7.108418,0.273389,0.016449,2,0.016018,0.000430,0.001662
7.126297,0.274104,0.021430,2,0.015985,0.005446,0.001985
7.139401,0.280267,0.021516,2,0.016070,0.005446,0.001597
7.157280,0.274934,0.016249,2,0.016153,0.000096,0.001640
7.170385,0.271113,0.016334,2,0.016237,0.000096,0.001396
7.188264,0.269675,0.018996,2,0.016625,0.002371,0.001547
7.201369,0.271735,0.019400,2,0.017029,0.002371,0.001275
7.219247,0.262447,0.017148,2,0.017148,0.000000,0.001340
7.232352,0.267829,0.017814,2,0.017814,0.000000,0.001139
7.250231,0.275351,0.018521,2,0.018425,0.000096,0.001504
7.263336,0.272082,0.019194,2,0.019098,0.000096,0.001313
7.281214,0.261790,0.019176,2,0.019080,0.000096,0.001683
7.294320,0.256113,0.019545,2,0.019449,0.000096,0.001385
7.312198,0.257167,0.019662,2,0.019662,0.000000,0.001832
7.325303,0.243461,0.019840,2,0.019840,0.000000,0.001448
7.343181,0.256587,0.020132,2,0.020132,0.000000,0.001863
7.356286,0.257573,0.020080,2,0.020080,0.000000,0.001673
7.374165,0.252347,0.024117,2,0.020592,0.003525,0.001727
7.387269,0.253583,0.023535,2,0.020010,0.003525,0.001562
7.405148,0.249645,0.024366,2,0.020841,0.003525,0.001735
7.418252,0.256240,0.023855,2,0.020330,0.003525,0.001417
7.436131,0.263407,0.021447,2,0.021447,0.000000,0.002128
7.449235,0.242535,0.019897,2,0.019897,0.000000,0.001275
7.467114,0.257084,0.021689,2,0.021689,0.000000,0.001776
7.480218,0.238317,0.020021,2,0.020021,0.000000,0.001203
7.415947,0.248160,0.021033,3,0.015156,0.005877,0.001885
7.442163,0.247126,0.020691,3,0.014815,0.005877,0.001995
7.477921,0.248654,0.014924,3,0.014924,0.000000,0.001722
7.504138,0.249220,0.014752,3,0.014752,0.000000,0.001795
7.539896,0.232579,0.014484,3,0.014484,0.000000,0.001396
7.566113,0.235794,0.014258,3,0.014258,0.000000,0.001590
7.601871,0.241155,0.015211,3,0.014687,0.000523,0.001225
7.628088,0.236340,0.014684,3,0.014160,0.000523,0.001762
7.663846,0.239387,0.014330,3,0.014330,0.000000,0.001261
7.690063,0.243606,0.013662,3,0.013662,0.000000,0.002022
7.725821,0.236625,0.015163,3,0.013829,0.001334,0.001373
7.752038,0.234205,0.014332,3,0.012999,0.001334,0.002049
7.787796,0.231571,0.013261,3,0.013261,0.000000,0.001329
7.814013,0.225646,0.012570,3,0.012570,0.000000,0.002580
7.849771,0.227954,0.018718,3,0.013144,0.005574,0.001288
7.875987,0.224136,0.017764,3,0.012190,0.005574,0.003010
7.911746,0.222532,0.012670,3,0.012670,0.000000,0.001399
7.937962,0.223310,0.011797,3,0.011797,0.000000,0.002171
7.973721,0.220118,0.014077,3,0.012022,0.002055,0.001608
7.999937,0.216926,0.013212,3,0.011157,0.002055,0.002412
8.035695,0.219284,0.013398,3,0.011344,0.002055,0.001534
8.061912,0.216409,0.012525,3,0.010470,0.002055,0.002271
8.097670,0.213514,0.010712,3,0.010712,0.000000,0.001288
8.159645,0.211683,0.012936,3,0.010548,0.002388,0.001126
8.185861,0.206583,0.012394,3,0.010006,0.002388,0.001633
8.221620,0.203740,0.010359,3,0.010359,0.000000,0.001047
8.247836,0.204910,0.010077,3,0.010077,0.000000,0.001727
8.309811,0.205795,0.010100,3,0.010100,0.000000,0.002071
8.345569,0.205402,0.012602,3,0.010079,0.002523,0.001526
8.371785,0.201543,0.012110,3,0.009587,0.002523,0.002221
8.407544,0.197540,0.009457,3,0.009457,0.000000,0.001327
8.433760,0.194126,0.009363,3,0.009363,0.000000,0.001708
8.469519,0.186627,0.009666,3,0.009666,0.000000,0.002248
8.495734,0.168415,0.009700,3,0.009700,0.000000,0.001455
20.502695,0.032381,0.005899,4,0.005899,0.000000,0.000586
20.611385,0.035637,0.006371,4,0.006371,0.000000,0.000449
20.678625,0.034527,0.007353,4,0.006968,0.000385,0.000312
20.785965,0.036368,0.009361,4,0.008977,0.000385,0.000536
20.854660,0.037682,0.005408,4,0.005408,0.000000,0.000383
20.960648,0.036632,0.006543,4,0.006543,0.000000,0.000405
21.030804,0.031524,0.005153,4,0.005153,0.000000,0.000389
21.135435,0.034370,0.005546,4,0.005546,0.000000,0.000395
21.207050,0.037658,0.009207,4,0.006401,0.002806,0.000432
21.310328,0.038333,0.012252,4,0.009446,0.002806,0.000479
21.383406,0.035474,0.008482,4,0.005676,0.002806,0.000400
21.485325,0.031487,0.008473,4,0.005667,0.002806,0.000296
21.559866,0.039744,0.004863,4,0.004863,0.000000,0.000443
21.660425,0.029677,0.005478,4,0.005478,0.000000,0.000335
21.736433,0.032584,0.005786,4,0.005786,0.000000,0.000396
21.835630,0.036228,0.006835,4,0.006835,0.000000,0.000449
21.913105,0.033574,0.009544,4,0.006879,0.002665,0.000388
22.010939,0.028540,0.008793,4,0.006128,0.002665,0.000325
22.089884,0.034441,0.005695,4,0.005695,0.000000,0.000478
22.186352,0.037320,0.005161,4,0.005161,0.000000,0.000483
22.266769,0.034953,0.008134,4,0.005254,0.002880,0.000541
22.361870,0.033857,0.007686,4,0.004806,0.002880,0.000429
22.443760,0.035852,0.008203,4,0.005168,0.003034,0.000481
22.537491,0.045087,0.009215,4,0.006181,0.003034,0.000554
22.620857,0.029316,0.005745,4,0.005745,0.000000,0.000351
22.713217,0.032502,0.006601,4,0.006601,0.000000,0.000407
22.798061,0.031542,0.007988,4,0.004954,0.003034,0.000411
22.889048,0.032139,0.008113,4,0.005079,0.003034,0.000448
22.975370,0.032205,0.006920,4,0.004365,0.002555,0.000368
23.064981,0.032024,0.007152,4,0.004597,0.002555,0.000408
23.152786,0.032683,0.005434,4,0.005434,0.000000,0.000427
23.241020,0.027927,0.005311,4,0.005311,0.000000,0.000329
23.330307,0.030368,0.005439,4,0.005439,0.000000,0.000401
23.417164,0.030516,0.006020,4,0.006020,0.000000,0.000329
23.507935,0.028975,0.006638,4,0.004927,0.001710,0.000309
23.593410,0.028329,0.007295,4,0.005585,0.001710,0.000361
23.685669,0.027396,0.006632,4,0.003620,0.003013,0.000309
23.769762,0.027511,0.007807,4,0.004794,0.003013,0.000330
23.863510,0.026956,0.003457,4,0.003457,0.000000,0.000310
24.041456,0.028624,0.004204,4,0.004204,0.000000,0.000324
24.122776,0.029691,0.004615,4,0.004615,0.000000,0.000361
24.219509,0.028670,0.004322,4,0.004322,0.000000,0.000343
24.299440,0.030034,0.004940,4,0.004940,0.000000,0.000549
24.397667,0.026168,0.003505,4,0.003505,0.000000,0.000361
24.476208,0.030262,0.004612,4,0.004612,0.000000,0.000635
24.653078,0.028765,0.004121,4,0.004121,0.000000,0.000429
24.754303,0.028427,0.004124,4,0.004124,0.000000,0.000306
24.830053,0.029725,0.004564,4,0.004564,0.000000,0.000388
24.932779,0.024040,0.004134,4,0.004134,0.000000,0.000259
25.007133,0.026547,0.004917,4,0.004917,0.000000,0.000321
25.111362,0.026761,0.004361,4,0.003654,0.000707,0.000300
25.184317,0.025820,0.005251,4,0.004544,0.000707,0.000289
25.361603,0.027519,0.004264,4,0.004264,0.000000,0.000351
25.468845,0.028630,0.003963,4,0.003963,0.000000,0.000322
25.538994,0.028187,0.004164,4,0.004164,0.000000,0.000440
25.647747,0.030377,0.004542,4,0.004542,0.000000,0.000371
25.716490,0.021244,0.004206,4,0.004206,0.000000,0.000315
25.826754,0.025521,0.004295,4,0.004295,0.000000,0.000297
25.894089,0.026633,0.004982,4,0.004982,0.000000,0.000313
26.005867,0.023556,0.005198,4,0.005198,0.000000,0.000248
26.071791,0.023097,0.007295,4,0.007295,0.000000,0.000259
26.185087,0.024973,0.004332,4,0.004332,0.000000,0.000271
26.249598,0.024841,0.004920,4,0.004920,0.000000,0.000291
26.364412,0.025330,0.004731,4,0.003967,0.000764,0.000292
26.427507,0.025144,0.004536,4,0.003771,0.000764,0.000313
26.543844,0.023695,0.004711,4,0.003788,0.000922,0.000277
26.605522,0.024128,0.004553,4,0.003631,0.000922,0.000293
26.723383,0.024675,0.006394,4,0.004328,0.002066,0.000295
26.783640,0.024662,0.006762,4,0.004696,0.002066,0.000276
26.903027,0.026065,0.004918,4,0.004918,0.000000,0.000281
27.082777,0.026024,0.004827,4,0.004827,0.000000,0.000288
27.140186,0.021914,0.004942,4,0.004942,0.000000,0.000259
27.318617,0.022933,0.004296,4,0.004296,0.000000,0.000266
27.442595,0.025433,0.004311,4,0.004311,0.000000,0.000291
27.497149,0.024868,0.004495,4,0.004495,0.000000,0.000292
27.622663,0.029031,0.004774,4,0.004431,0.000343,0.000327
27.675785,0.028075,0.005287,4,0.004944,0.000343,0.000364
27.802839,0.023364,0.005209,4,0.004866,0.000343,0.000264
27.854525,0.022191,0.005217,4,0.004874,0.000343,0.000295
27.983120,0.024618,0.005220,4,0.005035,0.000185,0.000282
28.033369,0.024936,0.004873,4,0.004688,0.000185,0.000311
28.163506,0.024582,0.005610,4,0.005241,0.000369,0.000278
28.212315,0.024997,0.005356,4,0.004987,0.000369,0.000288
28.344000,0.021345,0.004803,4,0.004803,0.000000,0.000265
28.391365,0.020466,0.005373,4,0.005373,0.000000,0.000236
28.524599,0.019484,0.004639,4,0.004639,0.000000,0.000234
28.570520,0.027227,0.005599,4,0.005599,0.000000,0.000300
28.705303,0.018921,0.004736,4,0.004736,0.000000,0.000204
28.749777,0.018106,0.005021,4,0.005021,0.000000,0.000220
28.929138,0.023245,0.004968,4,0.004968,0.000000,0.000309
29.067032,0.020802,0.007721,4,0.006273,0.001447,0.000250
29.108603,0.022050,0.007152,4,0.005704,0.001447,0.000285
29.288172,0.022283,0.006192,4,0.006192,0.000000,0.000260
29.429186,0.021716,0.005622,4,0.005622,0.000000,0.000256
29.467842,0.020039,0.006224,4,0.006224,0.000000,0.000252
29.610422,0.024262,0.006482,4,0.005205,0.001277,0.000294
29.647617,0.024002,0.007248,4,0.005971,0.001277,0.000323
29.791763,0.021505,0.005911,4,0.005396,0.000515,0.000278
29.827496,0.021743,0.006293,4,0.005778,0.000515,0.000259
29.973211,0.022548,0.006840,4,0.006325,0.000515,0.000305
30.007477,0.024146,0.005972,4,0.005458,0.000515,0.000296
30.154766,0.021304,0.005616,4,0.005616,0.000000,0.000253
30.187563,0.021243,0.005551,4,0.005551,0.000000,0.000264
30.336426,0.023065,0.008758,4,0.005857,0.002901,0.000311
30.367750,0.022828,0.008888,4,0.005987,0.002901,0.000252
30.518192,0.019614,0.008544,4,0.005642,0.002901,0.000294
30.548042,0.018893,0.009306,4,0.006405,0.002901,0.000196
30.700066,0.021344,0.009013,4,0.006042,0.002971,0.000285
30.728437,0.021878,0.010090,4,0.007119,0.002971,0.000217
30.882044,0.020901,0.007016,4,0.007016,0.000000,0.000257
30.908936,0.021123,0.007436,4,0.007436,0.000000,0.000230
31.064129,0.024171,0.009799,4,0.007397,0.002402,0.000293
31.089537,0.023388,0.009971,4,0.007569,0.002402,0.000269
31.246319,0.020557,0.010074,4,0.007672,0.002402,0.000251
31.270241,0.020125,0.009250,4,0.006848,0.002402,0.000262
31.428616,0.025144,0.006717,4,0.006717,0.000000,0.000304
31.451048,0.025260,0.007326,4,0.007326,0.000000,0.000362
31.611019,0.022933,0.008741,4,0.006989,0.001753,0.000328
31.631960,0.020881,0.008851,4,0.007099,0.001753,0.000270
31.793530,0.023772,0.007549,4,0.007549,0.000000,0.000284
31.812973,0.029918,0.008703,4,0.008703,0.000000,0.000346
31.976145,0.020418,0.010185,4,0.008022,0.002163,0.000250
31.994089,0.019709,0.011764,4,0.009601,0.002163,0.000210
32.158867,0.024980,0.010712,4,0.008959,0.001753,0.000344
32.175308,0.024638,0.012390,4,0.010637,0.001753,0.000325
32.341694,0.022251,0.010959,4,0.009206,0.001753,0.000306
32.356632,0.021590,0.011994,4,0.010241,0.001753,0.000306
32.524628,0.019011,0.009280,4,0.009280,0.000000,0.000282
32.538059,0.022071,0.010371,4,0.010371,0.000000,0.000302
32.707668,0.024637,0.009728,4,0.008867,0.000861,0.000442
32.719589,0.024787,0.014262,4,0.013401,0.000861,0.000325
32.890812,0.019002,0.009551,4,0.009551,0.000000,0.000350
32.901222,0.025284,0.009783,4,0.009783,0.000000,0.000374
33.074066,0.019433,0.011444,4,0.010583,0.000861,0.000294
33.082954,0.016241,0.010732,4,0.009871,0.000861,0.000257
33.257423,0.024863,0.014662,4,0.011996,0.002667,0.000380
33.264793,0.025302,0.013447,4,0.010780,0.002667,0.000450
33.440887,0.027293,0.014463,4,0.012685,0.001777,0.000485
33.446735,0.027285,0.013210,4,0.011433,0.001777,0.000418
33.624458,0.017924,0.011815,4,0.011815,0.000000,0.000297
33.628777,0.033474,0.013476,4,0.013476,0.000000,0.000582
33.808132,0.023015,0.014803,4,0.013144,0.001660,0.000382
33.810925,0.021455,0.016054,4,0.014394,0.001660,0.000356
33.991920,0.022383,0.013029,4,0.013029,0.000000,0.000369
33.993176,0.028412,0.017684,4,0.017684,0.000000,0.000665
34.175526,0.022036,0.017003,4,0.017003,0.000000,0.000509
34.175804,0.023710,0.014046,4,0.014046,0.000000,0.000413
34.357979,0.029283,0.021465,4,0.017190,0.004274,0.000601
34.359795,0.029309,0.019958,4,0.015684,0.004274,0.000516
34.540539,0.034044,0.015909,4,0.015909,0.000000,0.000655
34.543900,0.013782,0.017334,4,0.017334,0.000000,0.000264
34.723198,0.017217,0.017739,4,0.014824,0.002915,0.000408
34.728107,0.017272,0.019995,4,0.017080,0.002915,0.000289
34.905964,0.020951,0.016648,4,0.016172,0.000476,0.000680
34.912422,0.026176,0.015702,4,0.015226,0.000476,0.000526
35.088829,0.024575,0.020397,4,0.019077,0.001320,0.001072
35.096840,0.033652,0.018980,4,0.017660,0.001320,0.000749
35.271797,0.025403,0.020077,4,0.018757,0.001320,0.000870
35.281364,0.025086,0.019233,4,0.017913,0.001320,0.000636
35.454868,0.035049,0.023757,4,0.023281,0.000476,0.001489
35.465996,0.034927,0.021316,4,0.020840,0.000476,0.000837
35.638042,0.018909,0.024445,4,0.024445,0.000000,0.000925
35.650734,0.013932,0.022518,4,0.022518,0.000000,0.000380
35.821316,0.020956,0.033212,4,0.029274,0.003938,0.000884
35.835579,0.022321,0.036036,4,0.032099,0.003938,0.000612
36.004696,0.042894,0.030486,4,0.030486,0.000000,0.001884
36.188179,0.027666,0.030464,4,0.030464,0.000000,0.001010
36.205582,0.022466,0.026603,4,0.026603,0.000000,0.000937
36.371761,0.014347,0.029392,4,0.029392,0.000000,0.000636
36.390747,0.057071,0.028570,4,0.028570,0.000000,0.003360
36.555447,0.041432,0.033479,4,0.033479,0.000000,0.002962
36.576012,0.039255,0.028002,4,0.028002,0.000000,0.004212
36.739235,0.019750,0.039078,4,0.032930,0.006149,0.000991
36.761387,0.023456,0.039418,4,0.033269,0.006149,0.001981
36.923126,0.028057,0.040508,4,0.034359,0.006149,0.001151
36.946869,0.030198,0.039751,4,0.033602,0.006149,0.001311
37.107121,0.041571,0.040525,4,0.040525,0.000000,0.002140
37.132454,0.037142,0.041768,4,0.041768,0.000000,0.001810
37.291218,0.027113,0.047606,4,0.047606,0.000000,0.001742
37.318146,0.058356,0.041170,4,0.041170,0.000000,0.004330
14.072364,0.075619,0.006321,5,0.006321,0.000000,0.001061
14.164057,0.080271,0.013016,5,0.006432,0.006584,0.000942
14.185049,0.078548,0.013045,5,0.006462,0.006584,0.000886
14.255749,0.072946,0.011546,5,0.005468,0.006078,0.000851
14.276740,0.071864,0.011954,5,0.005876,0.006078,0.000830
14.347442,0.073588,0.005292,5,0.005292,0.000000,0.000790
14.368430,0.073656,0.005673,5,0.005673,0.000000,0.000794
14.439135,0.073195,0.011034,5,0.005098,0.005936,0.000648
14.460121,0.071798,0.011418,5,0.005482,0.005936,0.000747
14.530827,0.068894,0.004971,5,0.004971,0.000000,0.000603
14.551812,0.078773,0.005425,5,0.005425,0.000000,0.000800
14.622519,0.070253,0.009554,5,0.005270,0.004284,0.000941
14.643503,0.070502,0.009750,5,0.005466,0.004284,0.000735
14.714212,0.068398,0.005104,5,0.005104,0.000000,0.001261
14.735194,0.068251,0.005377,5,0.005377,0.000000,0.000676
14.826885,0.067365,0.005287,5,0.005287,0.000000,0.000687
14.897596,0.068840,0.005794,5,0.004936,0.000859,0.000647
14.918576,0.071937,0.006095,5,0.005236,0.000859,0.000764
14.989289,0.067650,0.007209,5,0.004655,0.002553,0.000642
15.010268,0.066629,0.007495,5,0.004942,0.002553,0.000685
15.080981,0.067904,0.004427,5,0.004427,0.000000,0.000633
15.101959,0.068865,0.004721,5,0.004721,0.000000,0.000613
15.172674,0.065065,0.005227,5,0.004486,0.000741,0.000614
15.193651,0.068070,0.005448,5,0.004707,0.000741,0.000638
15.264366,0.066967,0.004521,5,0.004432,0.000089,0.000660
15.285343,0.062035,0.004847,5,0.004757,0.000089,0.000630
15.356058,0.064024,0.004355,5,0.004355,0.000000,0.000626
15.377035,0.064512,0.004788,5,0.004788,0.000000,0.000650
15.447750,0.066871,0.004231,5,0.004231,0.000000,0.000649
15.468727,0.059463,0.004444,5,0.004444,0.000000,0.000592
15.539443,0.067065,0.005378,5,0.004154,0.001224,0.000660
15.560420,0.066317,0.005691,5,0.004467,0.001224,0.000657
15.631135,0.064346,0.005356,5,0.004131,0.001224,0.000669
15.652112,0.063761,0.005644,5,0.004420,0.001224,0.000642
15.743805,0.064184,0.004354,5,0.004354,0.000000,0.000627
15.814519,0.062542,0.007099,5,0.004173,0.002926,0.000632
15.835497,0.063035,0.007516,5,0.004591,0.002926,0.000631
15.906211,0.065231,0.004526,5,0.004526,0.000000,0.000659
15.927190,0.064683,0.005678,5,0.005678,0.000000,0.000670
15.997903,0.062371,0.008140,5,0.004793,0.003347,0.000584
16.018883,0.061636,0.008520,5,0.005173,0.003347,0.000652
16.089594,0.056002,0.004797,5,0.004797,0.000000,0.000521
16.110577,0.063218,0.005163,5,0.005163,0.000000,0.000642
16.181286,0.056207,0.007783,5,0.004857,0.002926,0.000550
16.202269,0.059045,0.008256,5,0.005331,0.002926,0.000648
16.272978,0.062427,0.009963,5,0.005177,0.004786,0.000624
16.293962,0.060803,0.010404,5,0.005618,0.004786,0.000705
16.364670,0.056087,0.005284,5,0.005284,0.000000,0.000591
16.385656,0.056363,0.005715,5,0.005715,0.000000,0.000604
16.456362,0.059520,0.007710,5,0.005163,0.002547,0.000606
16.477348,0.063739,0.008216,5,0.005668,0.002547,0.000646
16.548054,0.061181,0.005998,5,0.005998,0.000000,0.000648
16.569042,0.050194,0.005420,5,0.005420,0.000000,0.000497
16.639746,0.049716,0.006010,5,0.005038,0.000972,0.000496
16.660736,0.057520,0.006264,5,0.005291,0.000972,0.000561
16.731438,0.053714,0.005055,5,0.005055,0.000000,0.000514
16.752430,0.053488,0.005523,5,0.005523,0.000000,0.000555
16.823130,0.054792,0.006330,5,0.005358,0.000972,0.000524
16.844126,0.055323,0.006719,5,0.005747,0.000972,0.000633
16.914820,0.049660,0.006556,5,0.005748,0.000808,0.000491
16.935820,0.054082,0.006586,5,0.005777,0.000808,0.000639
17.006512,0.053234,0.005188,5,0.005188,0.000000,0.000600
17.027514,0.048398,0.005460,5,0.005460,0.000000,0.000572
17.098204,0.053439,0.005105,5,0.005105,0.000000,0.000632
17.119207,0.048384,0.005506,5,0.005506,0.000000,0.000574
17.189896,0.050793,0.007798,5,0.005299,0.002498,0.000615
17.210903,0.051880,0.008238,5,0.005740,0.002498,0.000636
17.281586,0.050247,0.008010,5,0.005512,0.002498,0.000630
17.302597,0.054910,0.008623,5,0.006124,0.002498,0.000687
17.373278,0.050355,0.008490,5,0.005750,0.002740,0.000627
17.394293,0.054695,0.009395,5,0.006655,0.002740,0.000674
17.464970,0.051240,0.005912,5,0.005912,0.000000,0.000604
17.485987,0.049645,0.006840,5,0.006840,0.000000,0.000576
17.556662,0.052440,0.008732,5,0.005992,0.002740,0.000550
17.577682,0.053679,0.009721,5,0.006982,0.002740,0.000591
17.648352,0.051030,0.006150,5,0.006027,0.000124,0.000547
17.669378,0.043318,0.006184,5,0.006060,0.000124,0.000428
17.740044,0.041773,0.006319,5,0.006319,0.000000,0.000436
17.761072,0.045596,0.006405,5,0.006405,0.000000,0.000557
17.831734,0.052061,0.006582,5,0.006582,0.000000,0.000509
17.852768,0.050939,0.006835,5,0.006835,0.000000,0.000837
17.923426,0.049090,0.008499,5,0.006822,0.001677,0.000522
17.944464,0.048290,0.008263,5,0.006587,0.001677,0.000836
18.015118,0.048535,0.006819,5,0.006819,0.000000,0.000553
18.036160,0.042030,0.006582,5,0.006582,0.000000,0.000497
18.106808,0.043383,0.006576,5,0.006576,0.000000,0.000511
18.127855,0.044446,0.006104,5,0.006104,0.000000,0.000467
18.198500,0.051131,0.006385,5,0.006385,0.000000,0.000595
18.219551,0.043171,0.006173,5,0.006173,0.000000,0.000457
18.290190,0.047084,0.006207,5,0.006207,0.000000,0.000579
18.311249,0.044572,0.005972,5,0.005972,0.000000,0.000474
18.381882,0.046768,0.006173,5,0.006173,0.000000,0.000580
18.402945,0.049843,0.006089,5,0.006089,0.000000,0.000573
18.473572,0.046212,0.006008,5,0.006008,0.000000,0.000554
18.494640,0.047813,0.005825,5,0.005825,0.000000,0.000562
18.565264,0.048100,0.005982,5,0.005967,0.000015,0.000526
18.586338,0.044755,0.005783,5,0.005768,0.000015,0.000489
18.678034,0.044254,0.005726,5,0.005726,0.000000,0.000415
18.748644,0.041001,0.008687,5,0.006031,0.002656,0.000434
18.769732,0.039975,0.008110,5,0.005454,0.002656,0.000342
18.840336,0.055743,0.007003,5,0.007003,0.000000,0.000602
18.861427,0.041758,0.005712,5,0.005712,0.000000,0.000498
18.932026,0.047337,0.005672,5,0.005672,0.000000,0.000650
18.953125,0.044067,0.005425,5,0.005425,0.000000,0.000608
19.023718,0.051363,0.006804,5,0.006804,0.000000,0.000926
19.044823,0.039385,0.005371,5,0.005371,0.000000,0.000389
19.136518,0.044272,0.005863,5,0.005863,0.000000,0.000398
19.207098,0.045825,0.006275,5,0.006275,0.000000,0.000474
19.228216,0.036866,0.007463,5,0.007463,0.000000,0.000303
19.298790,0.043166,0.008161,5,0.006545,0.001617,0.000653
19.319914,0.043312,0.008536,5,0.006920,0.001617,0.000336
19.390480,0.041411,0.008294,5,0.006677,0.001617,0.000758
19.411612,0.040842,0.008104,5,0.006487,0.001617,0.000343
19.482170,0.039779,0.008940,5,0.006637,0.002303,0.000413
19.503309,0.044043,0.009345,5,0.007042,0.002303,0.000419
19.573860,0.040464,0.009386,5,0.007083,0.002303,0.000378
19.595009,0.039961,0.009377,5,0.007074,0.002303,0.000375
19.665552,0.033798,0.007541,5,0.007541,0.000000,0.000317
19.686707,0.034598,0.007263,5,0.007263,0.000000,0.000336
19.757242,0.041298,0.008230,5,0.008230,0.000000,0.000426
19.778404,0.037796,0.008133,5,0.008133,0.000000,0.000398
19.848932,0.037137,0.009701,5,0.008497,0.001204,0.000411
19.870104,0.036758,0.009545,5,0.008341,0.001204,0.000385
19.940622,0.035061,0.008668,5,0.008668,0.000000,0.000380
19.961802,0.035869,0.008614,5,0.008614,0.000000,0.000389
20.053499,0.037958,0.008956,5,0.008956,0.000000,0.000426
20.124002,0.037525,0.009283,5,0.009283,0.000000,0.000376
20.236898,0.037174,0.008837,5,0.008837,0.000000,0.000400
20.307384,0.040721,0.009780,5,0.009780,0.000000,0.000452
20.328596,0.035903,0.010031,5,0.010031,0.000000,0.000341
20.399075,0.032241,0.010025,5,0.009089,0.000936,0.000361
20.420296,0.031327,0.009915,5,0.008979,0.000936,0.000306
20.490765,0.038454,0.008962,5,0.008962,0.000000,0.000430
20.511995,0.039524,0.008853,5,0.008853,0.000000,0.000429
19.828667,0.042462,0.009054,6,0.006414,0.002640,0.000546
19.871241,0.038276,0.008616,6,0.005976,0.002640,0.000421
20.012056,0.034095,0.006006,6,0.006006,0.000000,0.000441
20.054609,0.036674,0.005413,6,0.005413,0.000000,0.000409
20.195444,0.038843,0.007835,6,0.005453,0.002382,0.000482
20.237978,0.044085,0.007439,6,0.005056,0.002382,0.000433
20.378834,0.036795,0.004980,6,0.004980,0.000000,0.000435
20.421347,0.037336,0.005034,6,0.005034,0.000000,0.000337
20.562222,0.036631,0.004850,6,0.004850,0.000000,0.000395
20.604715,0.038336,0.004672,6,0.004672,0.000000,0.000357
20.745609,0.038330,0.006680,6,0.004845,0.001835,0.000397
20.788086,0.039334,0.008308,6,0.006473,0.001835,0.000357
20.928999,0.037008,0.005692,6,0.004639,0.001053,0.000448
20.971457,0.037401,0.005631,6,0.004578,0.001053,0.000307
21.112387,0.037694,0.006625,6,0.004941,0.001683,0.001033
21.154827,0.034724,0.006189,6,0.004506,0.001683,0.000322
21.295776,0.035496,0.006507,6,0.004496,0.002011,0.000829
21.338198,0.035679,0.006431,6,0.004420,0.002011,0.000458
21.479164,0.032412,0.006560,6,0.005621,0.000939,0.000650